Museum,Year,VisitorCount,VisitorType
British Museum,2008/09,5472056,Total
Museum of the Home,2008/09,86499,Total
Horniman Museum,2008/09,483113,Total
Imperial War Museums,2008/09,2006765,Total
Museum of Science and Industry in Manchester,2008/09,745188,Total
National Coal Mining Museum,2008/09,116186,Total
National Gallery,2008/09,4439000,Total
National Museums Liverpool,2008/09,2689889,Total
National Portrait Gallery,2008/09,1833614,Total
Natural History Museum,2008/09,3813260,Total
Royal Armouries,2008/09,448622,Total
Royal Museums Greenwich,2008/09,2068244,Total
Science Museum Group,2008/09,4281610,Total
Sir John Soane's Museum,2008/09,96445,Total
Tate Gallery Group,2008/09,7475194,Total
Tyne and Wear Museums,2008/09,1518092,Total
Victoria and Albert Museum,2008/09,2490702,Total
Wallace Collection,2008/09,359165,Total
Total,2008/09,40424000,Total
British Museum,2009/10,5650388,Total
Museum of the Home,2009/10,93374,Total
Horniman Museum,2009/10,621301,Total
Imperial War Museums,2009/10,2079264,Total
Museum of Science and Industry in Manchester,2009/10,568993,Total
National Coal Mining Museum,2009/10,118417,Total
National Gallery,2009/10,4695000,Total
National Museums Liverpool,2009/10,2272981,Total
National Portrait Gallery,2009/10,1984464,Total
Natural History Museum,2009/10,4378567,Total
Royal Armouries,2009/10,466987,Total
Royal Museums Greenwich,2009/10,2378786,Total
Science Museum Group,2009/10,4312668,Total
Sir John Soane's Museum,2009/10,107498,Total
Tate Gallery Group,2009/10,7125173,Total
Tyne and Wear Museums,2009/10,2286737,Total
Victoria and Albert Museum,2009/10,2746050,Total
Wallace Collection,2009/10,382773,Total
Total,2009/10,42269000,Total
British Museum,2010/11,5869396,Total
Museum of the Home,2010/11,104691,Total
Horniman Museum,2010/11,584974,Total
Imperial War Museums,2010/11,2317639,Total
Museum of Science and Industry in Manchester,2010/11,638347,Total
National Coal Mining Museum,2010/11,107582,Total
National Gallery,2010/11,5085000,Total
National Museums Liverpool,2010/11,2631265,Total
National Portrait Gallery,2010/11,1758488,Total
Natural History Museum,2010/11,4809647,Total
Royal Armouries,2010/11,462753,Total
Royal Museums Greenwich,2010/11,2433163,Total
Science Museum Group,2010/11,4093463,Total
Sir John Soane's Museum,2010/11,110106,Total
Tate Gallery Group,2010/11,7450458,Total
Tyne and Wear Museums,2010/11,2023249,Total
Victoria and Albert Museum,2010/11,3048887,Total
Wallace Collection,2010/11,357538,Total
Total,2010/11,43887000,Total
British Museum,2011/12,5841658,Total
Museum of the Home,2011/12,104889,Total
Horniman Museum,2011/12,509279,Total
Imperial War Museums,2011/12,2249592,Total
Museum of Science and Industry in Manchester,2011/12,,Total
National Coal Mining Museum,2011/12,101403,Total
National Gallery,2011/12,5358000,Total
National Museums Liverpool,2011/12,3184995,Total
National Portrait Gallery,2011/12,2048168,Total
Natural History Museum,2011/12,4946981,Total
Royal Armouries,2011/12,1852365,Total
Royal Museums Greenwich,2011/12,1858538,Total
Science Museum Group,2011/12,5170505,Total
Sir John Soane's Museum,2011/12,107903,Total
Tate Gallery Group,2011/12,7066295,Total
Tyne and Wear Museums,2011/12,1798080,Total
Victoria and Albert Museum,2011/12,3335220,Total
Wallace Collection,2011/12,399312,Total
Total,2011/12,45933000,Total
British Museum,2012/13,5592814,Total
Museum of the Home,2012/13,105486,Total
Horniman Museum,2012/13,616075,Total
Imperial War Museums,2012/13,1990343,Total
Museum of Science and Industry in Manchester,2012/13,,Total
National Coal Mining Museum,2012/13,119800,Total
National Gallery,2012/13,5376000,Total
National Museums Liverpool,2012/13,3277303,Total
National Portrait Gallery,2012/13,2054327,Total
Natural History Museum,2012/13,5288349,Total
Royal Armouries,2012/13,1810783,Total
Royal Museums Greenwich,2012/13,1929199,Total
Science Museum Group,2012/13,5148831,Total
Sir John Soane's Museum,2012/13,106150,Total
Tate Gallery Group,2012/13,7746953,Total
Tyne and Wear Museums,2012/13,1740863,Total
Victoria and Albert Museum,2012/13,3734257,Total
Wallace Collection,2012/13,377756,Total
Total,2012/13,47015000,Total
British Museum,2013/14,6758935,Total
Museum of the Home,2013/14,113123,Total
Horniman Museum,2013/14,698051,Total
Imperial War Museums,2013/14,1875924,Total
Museum of Science and Industry in Manchester,2013/14,,Total
National Coal Mining Museum,2013/14,125317,Total
National Gallery,2013/14,5903000,Total
National Museums Liverpool,2013/14,2710184,Total
National Portrait Gallery,2013/14,1988449,Total
Natural History Museum,2013/14,5571539,Total
Royal Armouries,2013/14,1941533,Total
Royal Museums Greenwich,2013/14,2475490,Total
Science Museum Group,2013/14,5711620,Total
Sir John Soane's Museum,2013/14,119305,Total
Tate Gallery Group,2013/14,7036490,Total
Tyne and Wear Museums,2013/14,1746518,Total
Victoria and Albert Museum,2013/14,3646744,Total
Wallace Collection,2013/14,415469,Total
Total,2013/14,48838000,Total
British Museum,2014/15,6677990,Total
Museum of the Home,2014/15,108168,Total
Horniman Museum,2014/15,750389,Total
Imperial War Museums,2014/15,2813845,Total
Museum of Science and Industry in Manchester,2014/15,,Total
National Coal Mining Museum,2014/15,119723,Total
National Gallery,2014/15,6534000,Total
National Museums Liverpool,2014/15,2654301,Total
National Portrait Gallery,2014/15,2081633,Total
Natural History Museum,2014/15,5435948,Total
Royal Armouries,2014/15,2025134,Total
Royal Museums Greenwich,2014/15,2330851,Total
Science Museum Group,2014/15,5336773,Total
Sir John Soane's Museum,2014/15,117470,Total
Tate Gallery Group,2014/15,7904121,Total
Tyne and Wear Museums,2014/15,1784939,Total
Victoria and Albert Museum,2014/15,3736204,Total
Wallace Collection,2014/15,427836,Total
Total,2014/15,50839000,Total
British Museum,2015/16,6853540,Total
Museum of the Home,2015/16,114190,Total
Horniman Museum,2015/16,793883,Total
Imperial War Museums,2015/16,2538516,Total
Museum of Science and Industry in Manchester,2015/16,,Total
National Coal Mining Museum,2015/16,138291,Total
National Gallery,2015/16,5898904,Total
National Museums Liverpool,2015/16,2847987,Total
National Portrait Gallery,2015/16,2102975,Total
Natural History Museum,2015/16,5351797,Total
Royal Armouries,2015/16,1944414,Total
Royal Museums Greenwich,2015/16,2403177,Total
Science Museum Group,2015/16,5549292,Total
Sir John Soane's Museum,2015/16,119361,Total
Tate Gallery Group,2015/16,6662460,Total
Tyne and Wear Museums,2015/16,,Total
Victoria and Albert Museum,2015/16,3929809,Total
Wallace Collection,2015/16,426703,Total
Total,2015/16,47675000,Total
British Museum,2016/17,6229028,Total
Museum of the Home,2016/17,121770,Total
Horniman Museum,2016/17,784928,Total
Imperial War Museums,2016/17,2415977,Total
Museum of Science and Industry in Manchester,2016/17,,Total
National Coal Mining Museum,2016/17,121932,Total
National Gallery,2016/17,6175234,Total
National Museums Liverpool,2016/17,3033228,Total
National Portrait Gallery,2016/17,1879445,Total
Natural History Museum,2016/17,4606443,Total
Royal Armouries,2016/17,1870534,Total
Royal Museums Greenwich,2016/17,2440681,Total
Science Museum Group,2016/17,5204824,Total
Sir John Soane's Museum,2016/17,121504,Total
Tate Gallery Group,2016/17,8448220,Total
Tyne and Wear Museums,2016/17,,Total
Victoria and Albert Museum,2016/17,3439820,Total
Wallace Collection,2016/17,419202,Total
Total,2016/17,47313000,Total
British Museum,2017/18,5822515,Total
Museum of the Home,2017/18,114906,Total
Horniman Museum,2017/18,813195,Total
Imperial War Museums,2017/18,2465461,Total
Museum of Science and Industry in Manchester,2017/18,,Total
National Coal Mining Museum,2017/18,134815,Total
National Gallery,2017/18,5050020,Total
National Museums Liverpool,2017/18,3305671,Total
National Portrait Gallery,2017/18,1691545,Total
Natural History Museum,2017/18,4712656,Total
Royal Armouries,2017/18,2112635,Total
Royal Museums Greenwich,2017/18,2560150,Total
Science Museum Group,2017/18,5325039,Total
Sir John Soane's Museum,2017/18,130700,Total
Tate Gallery Group,2017/18,8165704,Total
Tyne and Wear Museums,2017/18,,Total
Victoria and Albert Museum,2017/18,4396557,Total
Wallace Collection,2017/18,463284,Total
Total,2017/18,47265000,Total
British Museum,2018/19,6025471,Total
Museum of the Home,2018/19,38463,Total
Horniman Museum,2018/19,808197,Total
Imperial War Museums,2018/19,2688010,Total
Museum of Science and Industry in Manchester,2018/19,,Total
National Coal Mining Museum,2018/19,110484,Total
National Gallery,2018/19,5922958,Total
National Museums Liverpool,2018/19,3965453,Total
National Portrait Gallery,2018/19,1549896,Total
Natural History Museum,2018/19,5492645,Total
Royal Armouries,2018/19,2294347,Total
Royal Museums Greenwich,2018/19,2654092,Total
Science Museum Group,2018/19,5209847,Total
Sir John Soane's Museum,2018/19,132486,Total
Tate Gallery Group,2018/19,8157755,Total
Tyne and Wear Museums,2018/19,,Total
Victoria and Albert Museum,2018/19,4293188,Total
Wallace Collection,2018/19,421676,Total
Total,2018/19,49765000,Total
British Museum,2019/20,5943006,Total
Museum of the Home,2019/20,17034,Total
Horniman Museum,2019/20,758599,Total
Imperial War Museums,2019/20,2498846,Total
Museum of Science and Industry in Manchester,2019/20,,Total
National Coal Mining Museum,2019/20,108553,Total
National Gallery,2019/20,5476755,Total
National Museums Liverpool,2019/20,3099157,Total
National Portrait Gallery,2019/20,1542432,Total
Natural History Museum,2019/20,5303859,Total
Royal Armouries,2019/20,2180208,Total
Royal Museums Greenwich,2019/20,2760192,Total
Science Museum Group,2019/20,5006956,Total
Sir John Soane's Museum,2019/20,118015,Total
Tate Gallery Group,2019/20,8263828,Total
Tyne and Wear Museums,2019/20,,Total
Victoria and Albert Museum,2019/20,4080268,Total
Wallace Collection,2019/20,487017,Total
Total,2019/20,47645000,Total
British Museum,2020/21,160105,Total
Museum of the Home,2020/21,0,Total
Horniman Museum,2020/21,82025,Total
Imperial War Museums,2020/21,268770,Total
Museum of Science and Industry in Manchester,2020/21,,Total
National Coal Mining Museum,2020/21,5074,Total
National Gallery,2020/21,233817,Total
National Museums Liverpool,2020/21,221012,Total
National Portrait Gallery,2020/21,,Total
Natural History Museum,2020/21,302285,Total
Royal Armouries,2020/21,136937,Total
Royal Museums Greenwich,2020/21,111082,Total
Science Museum Group,2020/21,359952,Total
Sir John Soane's Museum,2020/21,2090,Total
Tate Gallery Group,2020/21,591001,Total
Tyne and Wear Museums,2020/21,,Total
Victoria and Albert Museum,2020/21,129772,Total
Wallace Collection,2020/21,25597,Total
Total,2020/21,2630000,Total
British Museum,2021/22,2045214,Total
Museum of the Home,2021/22,68954,Total
Horniman Museum,2021/22,331463,Total
Imperial War Museums,2021/22,1113153,Total
Museum of Science and Industry in Manchester,2021/22,,Total
National Coal Mining Museum,2021/22,40187,Total
National Gallery,2021/22,1176787,Total
National Museums Liverpool,2021/22,1389193,Total
National Portrait Gallery,2021/22,,Total
Natural History Museum,2021/22,2469002,Total
Royal Armouries,2021/22,814520,Total
Royal Museums Greenwich,2021/22,921516,Total
Science Museum Group,2021/22,2327256,Total
Sir John Soane's Museum,2021/22,50923,Total
Tate Gallery Group,2021/22,3069406,Total
Tyne and Wear Museums,2021/22,,Total
Victoria and Albert Museum,2021/22,1195493,Total
Wallace Collection,2021/22,160404,Total
Total,2021/22,17173000,Total
British Museum,2022/23,4544598,Total
Museum of the Home,2022/23,158672,Total
Horniman Museum,2022/23,714297,Total
Imperial War Museums,2022/23,1997399,Total
Museum of Science and Industry in Manchester,2022/23,,Total
National Coal Mining Museum,2022/23,74380,Total
National Gallery,2022/23,3029193,Total
National Museums Liverpool,2022/23,2350722,Total
National Portrait Gallery,2022/23,,Total
Natural History Museum,2022/23,5302096,Total
Royal Armouries,2022/23,1961415,Total
Royal Museums Greenwich,2022/23,2027651,Total
Science Museum Group,2022/23,3812118,Total
Sir John Soane's Museum,2022/23,133785,Total
Tate Gallery Group,2022/23,5992511,Total
Tyne and Wear Museums,2022/23,,Total
Victoria and Albert Museum,2022/23,2692100,Total
Wallace Collection,2022/23,313573,Total
Total,2022/23,35105000,Total
British Museum,2023/24,6159856,Total
Museum of the Home,2023/24,172462,Total
Horniman Museum,2023/24,776057,Total
Imperial War Museums,2023/24,2275388,Total
Museum of Science and Industry in Manchester,2023/24,,Total
National Coal Mining Museum,2023/24,98383,Total
National Gallery,2023/24,3097135,Total
National Museums Liverpool,2023/24,2372670,Total
National Portrait Gallery,2023/24,1552000,Total
Natural History Museum,2023/24,5956757,Total
Royal Armouries,2023/24,2323530,Total
Royal Museums Greenwich,2023/24,2578812,Total
Science Museum Group,2023/24,4299208,Total
Sir John Soane's Museum,2023/24,157938,Total
Tate Gallery Group,2023/24,6357431,Total
Tyne and Wear Museums,2023/24,,Total
Victoria and Albert Museum,2023/24,3913800,Total
Wallace Collection,2023/24,455136,Total
Total,2023/24,42547000,Total
British Museum,2008/09,723592,Under 16
Museum of the Home,2008/09,21021,Under 16
Horniman Museum,2008/09,276951,Under 16
Imperial War Museums,2008/09,580439,Under 16
Museum of Science and Industry in Manchester,2008/09,298050,Under 16
National Gallery,2008/09,518800,Under 16
National Museums Liverpool,2008/09,484180,Under 16
National Portrait Gallery,2008/09,173300,Under 16
Natural History Museum,2008/09,1131054,Under 16
Royal Armouries,2008/09,148988,Under 16
Royal Museums Greenwich,2008/09,463181,Under 16
Science Museum Group,2008/09,138851001,Under 16
Sir John Soane's Museum,2008/09,4101,Under 16
Tate Gallery Group,2008/09,1055000,Under 16
Tyne and Wear Museums,2008/09,752882236721,Under 16
Victoria and Albert Museum,2008/09,380900,Under 16
Wallace Collection,2008/09,24984,Under 16
Total,2008/09,8426000,Under 16
British Museum,2009/10,831192,Under 16
Museum of the Home,2009/10,20872,Under 16
Horniman Museum,2009/10,323949,Under 16
Imperial War Museums,2009/10,599713,Under 16
Museum of Science and Industry in Manchester,2009/10,228131,Under 16
National Gallery,2009/10,422600,Under 16
National Museums Liverpool,2009/10,437779,Under 16
National Portrait Gallery,2009/10,156700,Under 16
Natural History Museum,2009/10,1164390,Under 16
Royal Armouries,2009/10,156177,Under 16
Royal Museums Greenwich,2009/10,44426102,Under 16
Science Museum Group,2009/10,1424463,Under 16
Sir John Soane's Museum,2009/10,2061,Under 16
Tate Gallery Group,2009/10,1048000,Under 16
Tyne and Wear Museums,2009/10,921309205258119,Under 16
Victoria and Albert Museum,2009/10,402000,Under 16
Wallace Collection,2009/10,28530,Under 16
Total,2009/10,8612000,Under 16
British Museum,2010/11,850650,Under 16
Museum of the Home,2010/11,22493,Under 16
Horniman Museum,2010/11,280883,Under 16
Imperial War Museums,2010/11,455876,Under 16
Museum of Science and Industry in Manchester,2010/11,254933,Under 16
National Gallery,2010/11,254246,Under 16
National Museums Liverpool,2010/11,500839,Under 16
National Portrait Gallery,2010/11,117600,Under 16
Natural History Museum,2010/11,1168590,Under 16
Royal Armouries,2010/11,136628,Under 16
Royal Museums Greenwich,2010/11,460806,Under 16
Science Museum Group,2010/11,1433432,Under 16
Sir John Soane's Museum,2010/11,3735,Under 16
Tate Gallery Group,2010/11,1083000,Under 16
Tyne and Wear Museums,2010/11,85861276935,Under 16
Victoria and Albert Museum,2010/11,378200,Under 16
Wallace Collection,2010/11,26547,Under 16
Total,2010/11,8287000,Under 16
British Museum,2011/12,765017,Under 16
Museum of the Home,2011/12,21192,Under 16
Horniman Museum,2011/12,232593,Under 16
Imperial War Museums,2011/12,428612,Under 16
Museum of Science and Industry in Manchester,2011/12,,Under 16
National Gallery,2011/12,355945,Under 16
National Museums Liverpool,2011/12,636999,Under 16
National Portrait Gallery,2011/12,133900,Under 16
Natural History Museum,2011/12,1243434,Under 16
Royal Armouries,2011/12,544184,Under 16
Royal Museums Greenwich,2011/12,450899,Under 16
Science Museum Group,2011/12,1843269,Under 16
Sir John Soane's Museum,2011/12,3848,Under 16
Tate Gallery Group,2011/12,1033000,Under 16
Tyne and Wear Museums,2011/12,1046038,Under 16
Victoria and Albert Museum,2011/12,440100,Under 16
Wallace Collection,2011/12,24172,Under 16
Total,2011/12,9203000,Under 16
British Museum,2012/13,870825,Under 16
Museum of the Home,2012/13,21717,Under 16
Horniman Museum,2012/13,293416,Under 16
Imperial War Museums,2012/13,528000,Under 16
Museum of Science and Industry in Manchester,2012/13,,Under 16
National Gallery,2012/13,215000,Under 16
National Museums Liverpool,2012/13,426069,Under 16
National Portrait Gallery,2012/13,161200,Under 16
Natural History Museum,2012/13,1287394,Under 16
Royal Armouries,2012/13,521224,Under 16
Royal Museums Greenwich,2012/13,450855,Under 16
Science Museum Group,2012/13,1749000,Under 16
Sir John Soane's Museum,2012/13,3851,Under 16
Tate Gallery Group,2012/13,1062564,Under 16
Tyne and Wear Museums,2012/13,1019353,Under 16
Victoria and Albert Museum,2012/13,469700,Under 16
Wallace Collection,2012/13,25011,Under 16
Total,2012/13,9105000,Under 16
British Museum,2013/14,891024,Under 16
Museum of the Home,2013/14,21463,Under 16
Horniman Museum,2013/14,294541,Under 16
Imperial War Museums,2013/14,513000,Under 16
Museum of Science and Industry in Manchester,2013/14,,Under 16
National Gallery,2013/14,400000,Under 16
National Museums Liverpool,2013/14,433629,Under 16
National Portrait Gallery,2013/14,144600,Under 16
Natural History Museum,2013/14,1452000,Under 16
Royal Armouries,2013/14,562212,Under 16
Royal Museums Greenwich,2013/14,450224,Under 16
Science Museum Group,2013/14,1838000,Under 16
Sir John Soane's Museum,2013/14,1657,Under 16
Tate Gallery Group,2013/14,989000,Under 16
Tyne and Wear Museums,2013/14,885337,Under 16
Victoria and Albert Museum,2013/14,478100,Under 16
Wallace Collection,2013/14,28078,Under 16
Total,2013/14,9383000,Under 16
British Museum,2014/15,987000,Under 16
Museum of the Home,2014/15,19471,Under 16
Horniman Museum,2014/15,310553,Under 16
Imperial War Museums,2014/15,72108234,Under 16
Museum of Science and Industry in Manchester,2014/15,,Under 16
National Gallery,2014/15,500000,Under 16
National Museums Liverpool,2014/15,501663,Under 16
National Portrait Gallery,2014/15,158600,Under 16
Natural History Museum,2014/15,1421000,Under 16
Royal Armouries,2014/15,582206,Under 16
Royal Museums Greenwich,2014/15,445221,Under 16
Science Museum Group,2014/15,1697000,Under 16
Sir John Soane's Museum,2014/15,1904,Under 16
Tate Gallery Group,2014/15,562000,Under 16
Tyne and Wear Museums,2014/15,879982,Under 16
Victoria and Albert Museum,2014/15,480200,Under 16
Wallace Collection,2014/15,17113,Under 16
Total,2014/15,9285000,Under 16
British Museum,2015/16,1030082,Under 16
Museum of the Home,2015/16,17724,Under 16
Horniman Museum,2015/16,,Under 16
Imperial War Museums,2015/16,528196,Under 16
Museum of Science and Industry in Manchester,2015/16,,Under 16
National Gallery,2015/16,390507,Under 16
National Museums Liverpool,2015/16,458525,Under 16
National Portrait Gallery,2015/16,153400,Under 16
Natural History Museum,2015/16,1328000,Under 16
Royal Armouries,2015/16,560664,Under 16
Royal Museums Greenwich,2015/16,538349,Under 16
Science Museum Group,2015/16,1748000,Under 16
Sir John Soane's Museum,2015/16,3497,Under 16
Tate Gallery Group,2015/16,442760,Under 16
Tyne and Wear Museums,2015/16,,Under 16
Victoria and Albert Museum,2015/16,550327,Under 16
Wallace Collection,2015/16,22569,Under 16
Total,2015/16,7773000,Under 16
British Museum,2016/17,797391,Under 16
Museum of the Home,2016/17,18078,Under 16
Horniman Museum,2016/17,267000,Under 16
Imperial War Museums,2016/17,513000,Under 16
Museum of Science and Industry in Manchester,2016/17,,Under 16
National Gallery,2016/17,400000,Under 16
National Museums Liverpool,2016/17,518682,Under 16
National Portrait Gallery,2016/17,156000,Under 16
Natural History Museum,2016/17,1099000,Under 16
Royal Armouries,2016/17,540631,Under 16
Royal Museums Greenwich,2016/17,537022,Under 16
Science Museum Group,2016/17,1598000,Under 16
Sir John Soane's Museum,2016/17,6075,Under 16
Tate Gallery Group,2016/17,590598,Under 16
Tyne and Wear Museums,2016/17,,Under 16
Victoria and Albert Museum,2016/17,486700,Under 16
Wallace Collection,2016/17,21687,Under 16
Total,2016/17,7550000,Under 16
British Museum,2017/18,888467,Under 16
Museum of the Home,2017/18,15987,Under 16
Horniman Museum,2017/18,251000,Under 16
Imperial War Museums,2017/18,511000,Under 16
Museum of Science and Industry in Manchester,2017/18,,Under 16
National Gallery,2017/18,454708,Under 16
National Museums Liverpool,2017/18,568575,Under 16
National Portrait Gallery,2017/18,145000,Under 16
Natural History Museum,2017/18,1192000,Under 16
Royal Armouries,2017/18,469326,Under 16
Royal Museums Greenwich,2017/18,569085,Under 16
Science Museum Group,2017/18,1629000,Under 16
Sir John Soane's Museum,2017/18,7842,Under 16
Tate Gallery Group,2017/18,699000,Under 16
Tyne and Wear Museums,2017/18,,Under 16
Victoria and Albert Museum,2017/18,584029,Under 16
Wallace Collection,2017/18,20370,Under 16
Total,2017/18,8005000,Under 16
British Museum,2018/19,988149,Under 16
Museum of the Home,2018/19,2862,Under 16
Horniman Museum,2018/19,246000,Under 16
Imperial War Museums,2018/19,520000,Under 16
Museum of Science and Industry in Manchester,2018/19,,Under 16
National Gallery,2018/19,533066,Under 16
National Museums Liverpool,2018/19,527405,Under 16
National Portrait Gallery,2018/19,129000,Under 16
Natural History Museum,2018/19,1512000,Under 16
Royal Armouries,2018/19,525390,Under 16
Royal Museums Greenwich,2018/19,608730,Under 16
Science Museum Group,2018/19,1593000,Under 16
Sir John Soane's Museum,2018/19,6574,Under 16
Tate Gallery Group,2018/19,686000,Under 16
Tyne and Wear Museums,2018/19,,Under 16
Victoria and Albert Museum,2018/19,565535,Under 16
Wallace Collection,2018/19,17594,Under 16
Total,2018/19,8461000,Under 16
British Museum,2019/20,862293,Under 16
Museum of the Home,2019/20,2504,Under 16
Horniman Museum,2019/20,272000,Under 16
Imperial War Museums,2019/20,517000,Under 16
Museum of Science and Industry in Manchester,2019/20,,Under 16
National Gallery,2019/20,400000,Under 16
National Museums Liverpool,2019/20,622930,Under 16
National Portrait Gallery,2019/20,108000,Under 16
Natural History Museum,2019/20,1252000,Under 16
Royal Armouries,2019/20,486707,Under 16
Royal Museums Greenwich,2019/20,729797,Under 16
Science Museum Group,2019/20,1462000,Under 16
Sir John Soane's Museum,2019/20,4883,Under 16
Tate Gallery Group,2019/20,758000,Under 16
Tyne and Wear Museums,2019/20,,Under 16
Victoria and Albert Museum,2019/20,396988,Under 16
Wallace Collection,2019/20,16086,Under 16
Total,2019/20,7891000,Under 16
British Museum,2020/21,45414,Under 16
Museum of the Home,2020/21,0,Under 16
Horniman Museum,2020/21,32000,Under 16
Imperial War Museums,2020/21,45000,Under 16
Museum of Science and Industry in Manchester,2020/21,,Under 16
National Gallery,2020/21,28000,Under 16
National Museums Liverpool,2020/21,54148,Under 16
National Portrait Gallery,2020/21,,Under 16
Natural History Museum,2020/21,94000,Under 16
Royal Armouries,2020/21,30474,Under 16
Royal Museums Greenwich,2020/21,30865,Under 16
Science Museum Group,2020/21,130000,Under 16
Sir John Soane's Museum,2020/21,84,Under 16
Tate Gallery Group,2020/21,53000,Under 16
Tyne and Wear Museums,2020/21,,Under 16
Victoria and Albert Museum,2020/21,7800,Under 16
Wallace Collection,2020/21,1024,Under 16
Total,2020/21,552000,Under 16
British Museum,2021/22,390044,Under 16
Museum of the Home,2021/22,9507,Under 16
Horniman Museum,2021/22,117000,Under 16
Imperial War Museums,2021/22,224000,Under 16
Museum of Science and Industry in Manchester,2021/22,,Under 16
National Gallery,2021/22,35500,Under 16
National Museums Liverpool,2021/22,247276,Under 16
National Portrait Gallery,2021/22,,Under 16
Natural History Museum,2021/22,788000,Under 16
Royal Armouries,2021/22,174857,Under 16
Royal Museums Greenwich,2021/22,219085,Under 16
Science Museum Group,2021/22,819000,Under 16
Sir John Soane's Museum,2021/22,2546,Under 16
Tate Gallery Group,2021/22,308000,Under 16
Tyne and Wear Museums,2021/22,,Under 16
Victoria and Albert Museum,2021/22,123800,Under 16
Wallace Collection,2021/22,6138,Under 16
Total,2021/22,3217000,Under 16
British Museum,2022/23,1032000,Under 16
Museum of the Home,2022/23,21877,Under 16
Horniman Museum,2022/23,211000,Under 16
Imperial War Museums,2022/23,432000,Under 16
Museum of Science and Industry in Manchester,2022/23,,Under 16
National Gallery,2022/23,197906,Under 16
National Museums Liverpool,2022/23,432533,Under 16
National Portrait Gallery,2022/23,,Under 16
Natural History Museum,2022/23,1667000,Under 16
Royal Armouries,2022/23,428196,Under 16
Royal Museums Greenwich,2022/23,343569,Under 16
Science Museum Group,2022/23,1425000,Under 16
Sir John Soane's Museum,2022/23,5351,Under 16
Tate Gallery Group,2022/23,496000,Under 16
Tyne and Wear Museums,2022/23,,Under 16
Victoria and Albert Museum,2022/23,208700,Under 16
Wallace Collection,2022/23,15678,Under 16
Total,2022/23,6917000,Under 16
British Museum,2023/24,1378724,Under 16
Museum of the Home,2023/24,23778,Under 16
Horniman Museum,2023/24,256227,Under 16
Imperial War Museums,2023/24,452000,Under 16
Museum of Science and Industry in Manchester,2023/24,,Under 16
National Gallery,2023/24,273865,Under 16
National Museums Liverpool,2023/24,450807,Under 16
National Portrait Gallery,2023/24,95000,Under 16
Natural History Museum,2023/24,1800000,Under 16
Royal Armouries,2023/24,516696,Under 16
Royal Museums Greenwich,2023/24,532400,Under 16
Science Museum Group,2023/24,1628000,Under 16
Sir John Soane's Museum,2023/24,7897,Under 16
Tate Gallery Group,2023/24,525000,Under 16
Tyne and Wear Museums,2023/24,,Under 16
Victoria and Albert Museum,2023/24,585600,Under 16
Wallace Collection,2023/24,68270,Under 16
Total,2023/24,8594000,Under 16
British Museum,2008/09,3228234,Overseas
Museum of the Home,2008/09,9000,Overseas
Horniman Museum,2008/09,9092,Overseas
Imperial War Museums,2008/09,634702,Overseas
Museum of Science and Industry in Manchester,2008/09,745188,Overseas
National Gallery,2008/09,1553600,Overseas
National Museums Liverpool,2008/09,295888,Overseas
National Portrait Gallery,2008/09,678878,Overseas
Natural History Museum,2008/09,1264959,Overseas
Royal Armouries,2008/09,101089,Overseas
Royal Museums Greenwich,2008/09,1060012,Overseas
Science Museum Group,2008/09,98129501,Overseas
Sir John Soane's Museum,2008/09,24112,Overseas
Tate Gallery Group,2008/09,2941000,Overseas
Tyne and Wear Museums,2008/09,659415855996,Overseas
Victoria and Albert Museum,2008/09,817800,Overseas
Wallace Collection,2008/09,140074,Overseas
Total,2008/09,13880000,Overseas
British Museum,2009/10,3543265,Overseas
Museum of the Home,2009/10,10874,Overseas
Horniman Museum,2009/10,12426,Overseas
Imperial War Museums,2009/10,729851,Overseas
Museum of Science and Industry in Manchester,2009/10,56899,Overseas
National Gallery,2009/10,1582600,Overseas
National Museums Liverpool,2009/10,302390,Overseas
National Portrait Gallery,2009/10,712230,Overseas
Natural History Museum,2009/10,1494923,Overseas
Royal Armouries,2009/10,119121,Overseas
Royal Museums Greenwich,2009/10,127187535,Overseas
Science Museum Group,2009/10,945822,Overseas
Sir John Soane's Museum,2009/10,22740,Overseas
Tate Gallery Group,2009/10,3224000,Overseas
Tyne and Wear Museums,2009/10,42580,Overseas
Victoria and Albert Museum,2009/10,1190000,Overseas
Wallace Collection,2009/10,168420,Overseas
Total,2009/10,15430000,Overseas
British Museum,2010/11,3644788,Overseas
Museum of the Home,2010/11,11508,Overseas
Horniman Museum,2010/11,17549,Overseas
Imperial War Museums,2010/11,78353293,Overseas
Museum of Science and Industry in Manchester,2010/11,63835,Overseas
National Gallery,2010/11,2542462,Overseas
National Museums Liverpool,2010/11,342679,Overseas
National Portrait Gallery,2010/11,612112,Overseas
Natural History Museum,2010/11,2285053,Overseas
Royal Armouries,2010/11,117588,Overseas
Royal Museums Greenwich,2010/11,1487640,Overseas
Science Museum Group,2010/11,810733,Overseas
Sir John Soane's Museum,2010/11,34505,Overseas
Tate Gallery Group,2010/11,3587000,Overseas
Tyne and Wear Museums,2010/11,493045880333333,Overseas
Victoria and Albert Museum,2010/11,1214000,Overseas
Wallace Collection,2010/11,139440,Overseas
Total,2010/11,17744000,Overseas
British Museum,2011/12,3504995,Overseas
Museum of the Home,2011/12,11718,Overseas
Horniman Museum,2011/12,15272,Overseas
Imperial War Museums,2011/12,836546,Overseas
Museum of Science and Industry in Manchester,2011/12,,Overseas
National Gallery,2011/12,3101807,Overseas
National Museums Liverpool,2011/12,39493938,Overseas
National Portrait Gallery,2011/12,8205417,Overseas
Natural History Museum,2011/12,2556544,Overseas
Royal Armouries,2011/12,1269078,Overseas
Royal Museums Greenwich,2011/12,1052406,Overseas
Science Museum Group,2011/12,1077229,Overseas
Sir John Soane's Museum,2011/12,34529,Overseas
Tate Gallery Group,2011/12,3601000,Overseas
Tyne and Wear Museums,2011/12,46998,Overseas
Victoria and Albert Museum,2011/12,1444400,Overseas
Wallace Collection,2011/12,127780,Overseas
Total,2011/12,19896000,Overseas
British Museum,2012/13,3609800,Overseas
Museum of the Home,2012/13,11728,Overseas
Horniman Museum,2012/13,24491,Overseas
Imperial War Museums,2012/13,727707,Overseas
Museum of Science and Industry in Manchester,2012/13,,Overseas
National Gallery,2012/13,3225000,Overseas
National Museums Liverpool,2012/13,524368,Overseas
National Portrait Gallery,2012/13,923413,Overseas
Natural History Museum,2012/13,2670989,Overseas
Royal Armouries,2012/13,1227563,Overseas
Royal Museums Greenwich,2012/13,1007526,Overseas
Science Museum Group,2012/13,1240000,Overseas
Sir John Soane's Museum,2012/13,35749,Overseas
Tate Gallery Group,2012/13,3620000,Overseas
Tyne and Wear Museums,2012/13,44739,Overseas
Victoria and Albert Museum,2012/13,1536900,Overseas
Wallace Collection,2012/13,143547,Overseas
Total,2012/13,20574000,Overseas
British Museum,2013/14,3918341,Overseas
Museum of the Home,2013/14,15582,Overseas
Horniman Museum,2013/14,27922,Overseas
Imperial War Museums,2013/14,691000,Overseas
Museum of Science and Industry in Manchester,2013/14,,Overseas
National Gallery,2013/14,3600000,Overseas
National Museums Liverpool,2013/14,433629,Overseas
National Portrait Gallery,2013/14,802231,Overseas
Natural History Museum,2013/14,2667441,Overseas
Royal Armouries,2013/14,1324849,Overseas
Royal Museums Greenwich,2013/14,1154406,Overseas
Science Museum Group,2013/14,1559000,Overseas
Sir John Soane's Museum,2013/14,57266,Overseas
Tate Gallery Group,2013/14,3485000,Overseas
Tyne and Wear Museums,2013/14,42882,Overseas
Victoria and Albert Museum,2013/14,1713000,Overseas
Wallace Collection,2013/14,166188,Overseas
Total,2013/14,21659000,Overseas
British Museum,2014/15,4296000,Overseas
Museum of the Home,2014/15,18389,Overseas
Horniman Museum,2014/15,37519,Overseas
Imperial War Museums,2014/15,957000,Overseas
Museum of Science and Industry in Manchester,2014/15,,Overseas
National Gallery,2014/15,4100000,Overseas
National Museums Liverpool,2014/15,403454,Overseas
National Portrait Gallery,2014/15,783145,Overseas
Natural History Museum,2014/15,3005663,Overseas
Royal Armouries,2014/15,1374649,Overseas
Royal Museums Greenwich,2014/15,984216,Overseas
Science Museum Group,2014/15,1760000,Overseas
Sir John Soane's Museum,2014/15,58260,Overseas
Tate Gallery Group,2014/15,3731000,Overseas
Tyne and Wear Museums,2014/15,84028,Overseas
Victoria and Albert Museum,2014/15,2067800,Overseas
Wallace Collection,2014/15,175412,Overseas
Total,2014/15,23837000,Overseas
British Museum,2015/16,4413385,Overseas
Museum of the Home,2015/16,15986,Overseas
Horniman Museum,2015/16,,Overseas
Imperial War Museums,2015/16,999611,Overseas
Museum of Science and Industry in Manchester,2015/16,,Overseas
National Gallery,2015/16,3846085,Overseas
National Museums Liverpool,2015/16,407261,Overseas
National Portrait Gallery,2015/16,853639,Overseas
Natural History Museum,2015/16,2887000,Overseas
Royal Armouries,2015/16,1312202,Overseas
Royal Museums Greenwich,2015/16,786314,Overseas
Science Museum Group,2015/16,1735000,Overseas
Sir John Soane's Museum,2015/16,48807,Overseas
Tate Gallery Group,2015/16,3109189,Overseas
Tyne and Wear Museums,2015/16,,Overseas
Victoria and Albert Museum,2015/16,1656200,Overseas
Wallace Collection,2015/16,157880,Overseas
Total,2015/16,22229000,Overseas
British Museum,2016/17,4084574,Overseas
Museum of the Home,2016/17,24886,Overseas
Horniman Museum,2016/17,52000,Overseas
Imperial War Museums,2016/17,925000,Overseas
Museum of Science and Industry in Manchester,2016/17,,Overseas
National Gallery,2016/17,4000000,Overseas
National Museums Liverpool,2016/17,421618,Overseas
National Portrait Gallery,2016/17,834000,Overseas
Natural History Museum,2016/17,2535000,Overseas
Royal Armouries,2016/17,1252327,Overseas
Royal Museums Greenwich,2016/17,764073,Overseas
Science Museum Group,2016/17,1672000,Overseas
Sir John Soane's Museum,2016/17,59536,Overseas
Tate Gallery Group,2016/17,3963263,Overseas
Tyne and Wear Museums,2016/17,,Overseas
Victoria and Albert Museum,2016/17,1380348,Overseas
Wallace Collection,2016/17,167302,Overseas
Total,2016/17,22136000,Overseas
British Museum,2017/18,3652500,Overseas
Museum of the Home,2017/18,23741,Overseas
Horniman Museum,2017/18,69000,Overseas
Imperial War Museums,2017/18,1018000,Overseas
Museum of Science and Industry in Manchester,2017/18,,Overseas
National Gallery,2017/18,3233480,Overseas
National Museums Liverpool,2017/18,462794,Overseas
National Portrait Gallery,2017/18,647000,Overseas
Natural History Museum,2017/18,2628692,Overseas
Royal Armouries,2017/18,1413170,Overseas
Royal Museums Greenwich,2017/18,1598580,Overseas
Science Museum Group,2017/18,1578000,Overseas
Sir John Soane's Museum,2017/18,67964,Overseas
Tate Gallery Group,2017/18,3883000,Overseas
Tyne and Wear Museums,2017/18,,Overseas
Victoria and Albert Museum,2017/18,1948920,Overseas
Wallace Collection,2017/18,186240,Overseas
Total,2017/18,22411000,Overseas
British Museum,2018/19,3400000,Overseas
Museum of the Home,2018/19,,Overseas
Horniman Museum,2018/19,76000,Overseas
Imperial War Museums,2018/19,1097000,Overseas
Museum of Science and Industry in Manchester,2018/19,,Overseas
National Gallery,2018/19,3909152,Overseas
National Museums Liverpool,2018/19,507577,Overseas
National Portrait Gallery,2018/19,610000,Overseas
Natural History Museum,2018/19,3191000,Overseas
Royal Armouries,2018/19,1477534,Overseas
Royal Museums Greenwich,2018/19,1858094,Overseas
Science Museum Group,2018/19,1721000,Overseas
Sir John Soane's Museum,2018/19,66010,Overseas
Tate Gallery Group,2018/19,3627000,Overseas
Tyne and Wear Museums,2018/19,,Overseas
Victoria and Albert Museum,2018/19,1662931,Overseas
Wallace Collection,2018/19,122286,Overseas
Total,2018/19,23326000,Overseas
British Museum,2019/20,3777315,Overseas
Museum of the Home,2019/20,,Overseas
Horniman Museum,2019/20,79000,Overseas
Imperial War Museums,2019/20,1199000,Overseas
Museum of Science and Industry in Manchester,2019/20,,Overseas
National Gallery,2019/20,3500000,Overseas
National Museums Liverpool,2019/20,644625,Overseas
National Portrait Gallery,2019/20,648000,Overseas
Natural History Museum,2019/20,3507000,Overseas
Royal Armouries,2019/20,1266284,Overseas
Royal Museums Greenwich,2019/20,1869908,Overseas
Science Museum Group,2019/20,1769000,Overseas
Sir John Soane's Museum,2019/20,68367,Overseas
Tate Gallery Group,2019/20,3659000,Overseas
Tyne and Wear Museums,2019/20,,Overseas
Victoria and Albert Museum,2019/20,2076174,Overseas
Wallace Collection,2019/20,155898,Overseas
Total,2019/20,24220000,Overseas
British Museum,2020/21,3202,Overseas
Museum of the Home,2020/21,,Overseas
Horniman Museum,2020/21,1000,Overseas
Imperial War Museums,2020/21,8000,Overseas
Museum of Science and Industry in Manchester,2020/21,,Overseas
National Gallery,2020/21,5600,Overseas
National Museums Liverpool,2020/21,1989,Overseas
National Portrait Gallery,2020/21,,Overseas
Natural History Museum,2020/21,6000,Overseas
Royal Armouries,2020/21,1574,Overseas
Royal Museums Greenwich,2020/21,2597,Overseas
Science Museum Group,2020/21,4800,Overseas
Sir John Soane's Museum,2020/21,63,Overseas
Tate Gallery Group,2020/21,14000,Overseas
Tyne and Wear Museums,2020/21,,Overseas
Victoria and Albert Museum,2020/21,3700,Overseas
Wallace Collection,2020/21,1836,Overseas
Total,2020/21,54000,Overseas
British Museum,2021/22,276033,Overseas
Museum of the Home,2021/22,,Overseas
Horniman Museum,2021/22,3000,Overseas
Imperial War Museums,2021/22,266000,Overseas
Museum of Science and Industry in Manchester,2021/22,,Overseas
National Gallery,2021/22,122000,Overseas
National Museums Liverpool,2021/22,33341,Overseas
National Portrait Gallery,2021/22,,Overseas
Natural History Museum,2021/22,154000,Overseas
Royal Armouries,2021/22,136005,Overseas
Royal Museums Greenwich,2021/22,25674,Overseas
Science Museum Group,2021/22,84500,Overseas
Sir John Soane's Museum,2021/22,6111,Overseas
Tate Gallery Group,2021/22,198000,Overseas
Tyne and Wear Museums,2021/22,,Overseas
Victoria and Albert Museum,2021/22,94500,Overseas
Wallace Collection,2021/22,19498,Overseas
Total,2021/22,1385000,Overseas
British Museum,2022/23,2500000,Overseas
Museum of the Home,2022/23,,Overseas
Horniman Museum,2022/23,54000,Overseas
Imperial War Museums,2022/23,744000,Overseas
Museum of Science and Industry in Manchester,2022/23,,Overseas
National Gallery,2022/23,1290064,Overseas
National Museums Liverpool,2022/23,354959,Overseas
National Portrait Gallery,2022/23,,Overseas
Natural History Museum,2022/23,1614075,Overseas
Royal Armouries,2022/23,362530,Overseas
Royal Museums Greenwich,2022/23,932719,Overseas
Science Museum Group,2022/23,612000,Overseas
Sir John Soane's Museum,2022/23,61541,Overseas
Tate Gallery Group,2022/23,1906000,Overseas
Tyne and Wear Museums,2022/23,,Overseas
Victoria and Albert Museum,2022/23,932300,Overseas
Wallace Collection,2022/23,97208,Overseas
Total,2022/23,11461000,Overseas
British Museum,2023/24,3725890,Overseas
Museum of the Home,2023/24,,Overseas
Horniman Museum,2023/24,36776,Overseas
Imperial War Museums,2023/24,1059000,Overseas
Museum of Science and Industry in Manchester,2023/24,,Overseas
National Gallery,2023/24,1726372,Overseas
National Museums Liverpool,2023/24,450807,Overseas
National Portrait Gallery,2023/24,589000,Overseas
Natural History Museum,2023/24,3408562,Overseas
Royal Armouries,2023/24,413476,Overseas
Royal Museums Greenwich,2023/24,1495711,Overseas
Science Museum Group,2023/24,863000,Overseas
Sir John Soane's Museum,2023/24,72651,Overseas
Tate Gallery Group,2023/24,2573000,Overseas
Tyne and Wear Museums,2023/24,,Overseas
Victoria and Albert Museum,2023/24,1492300,Overseas
Wallace Collection,2023/24,186605,Overseas
Total,2023/24,18093000,Overseas
British Museum,2008/09,1520230,Other
British Museum,2009/10,1275931,Other
British Museum,2010/11,1373958,Other
British Museum,2011/12,1571646,Other
British Museum,2012/13,1112189,Other
British Museum,2013/14,1949570,Other
British Museum,2014/15,1394990,Other
British Museum,2015/16,1410073,Other
British Museum,2016/17,1347063,Other
British Museum,2017/18,1281548,Other
British Museum,2018/19,1637322,Other
British Museum,2019/20,1303398,Other
British Museum,2020/21,111489,Other
British Museum,2021/22,1379137,Other
British Museum,2022/23,1012598,Other
British Museum,2023/24,1055242,Other
Horniman Museum,2008/09,197070,Other
Horniman Museum,2009/10,284926,Other
Horniman Museum,2010/11,286542,Other
Horniman Museum,2011/12,261414,Other
Horniman Museum,2012/13,298168,Other
Horniman Museum,2013/14,375588,Other
Horniman Museum,2014/15,402317,Other
Horniman Museum,2015/16,793883,Other
Horniman Museum,2016/17,465928,Other
Horniman Museum,2017/18,493195,Other
Horniman Museum,2018/19,486197,Other
Horniman Museum,2019/20,407599,Other
Horniman Museum,2020/21,49025,Other
Horniman Museum,2021/22,211463,Other
Horniman Museum,2022/23,449297,Other
Horniman Museum,2023/24,483054,Other
Imperial War Museums,2008/09,791624,Other
Imperial War Museums,2009/10,749700,Other
Imperial War Museums,2010/11,-76491530,Other
Imperial War Museums,2011/12,984434,Other
Imperial War Museums,2012/13,734636,Other
Imperial War Museums,2013/14,671924,Other
Imperial War Museums,2014/15,-70251389,Other
Imperial War Museums,2015/16,1010709,Other
Imperial War Museums,2016/17,977977,Other
Imperial War Museums,2017/18,936461,Other
Imperial War Museums,2018/19,1071010,Other
Imperial War Museums,2019/20,782846,Other
Imperial War Museums,2020/21,215770,Other
Imperial War Museums,2021/22,623153,Other
Imperial War Museums,2022/23,821399,Other
Imperial War Museums,2023/24,764388,Other
Museum of Science and Industry in Manchester,2008/09,-298050,Other
Museum of Science and Industry in Manchester,2009/10,283963,Other
Museum of Science and Industry in Manchester,2010/11,319579,Other
Museum of Science and Industry in Manchester,2011/12,0,Other
Museum of Science and Industry in Manchester,2012/13,0,Other
Museum of Science and Industry in Manchester,2013/14,0,Other
Museum of Science and Industry in Manchester,2014/15,0,Other
Museum of Science and Industry in Manchester,2015/16,0,Other
Museum of Science and Industry in Manchester,2016/17,0,Other
Museum of Science and Industry in Manchester,2017/18,0,Other
Museum of Science and Industry in Manchester,2018/19,0,Other
Museum of Science and Industry in Manchester,2019/20,0,Other
Museum of Science and Industry in Manchester,2020/21,0,Other
Museum of Science and Industry in Manchester,2021/22,0,Other
Museum of Science and Industry in Manchester,2022/23,0,Other
Museum of Science and Industry in Manchester,2023/24,0,Other
Museum of the Home,2008/09,56478,Other
Museum of the Home,2009/10,61628,Other
Museum of the Home,2010/11,70690,Other
Museum of the Home,2011/12,71979,Other
Museum of the Home,2012/13,72041,Other
Museum of the Home,2013/14,76078,Other
Museum of the Home,2014/15,70308,Other
Museum of the Home,2015/16,80480,Other
Museum of the Home,2016/17,78806,Other
Museum of the Home,2017/18,75178,Other
Museum of the Home,2018/19,35601,Other
Museum of the Home,2019/20,14530,Other
Museum of the Home,2020/21,0,Other
Museum of the Home,2021/22,59447,Other
Museum of the Home,2022/23,136795,Other
Museum of the Home,2023/24,148684,Other
National Coal Mining Museum,2008/09,116186,Other
National Coal Mining Museum,2009/10,118417,Other
National Coal Mining Museum,2010/11,107582,Other
National Coal Mining Museum,2011/12,101403,Other
National Coal Mining Museum,2012/13,119800,Other
National Coal Mining Museum,2013/14,125317,Other
National Coal Mining Museum,2014/15,119723,Other
National Coal Mining Museum,2015/16,138291,Other
National Coal Mining Museum,2016/17,121932,Other
National Coal Mining Museum,2017/18,134815,Other
National Coal Mining Museum,2018/19,110484,Other
National Coal Mining Museum,2019/20,108553,Other
National Coal Mining Museum,2020/21,5074,Other
National Coal Mining Museum,2021/22,40187,Other
National Coal Mining Museum,2022/23,74380,Other
National Coal Mining Museum,2023/24,98383,Other
National Gallery,2008/09,2366600,Other
National Gallery,2009/10,2689800,Other
National Gallery,2010/11,2288292,Other
National Gallery,2011/12,1900248,Other
National Gallery,2012/13,1936000,Other
National Gallery,2013/14,1903000,Other
National Gallery,2014/15,1934000,Other
National Gallery,2015/16,1662312,Other
National Gallery,2016/17,1775234,Other
National Gallery,2017/18,1361832,Other
National Gallery,2018/19,1480740,Other
National Gallery,2019/20,1576755,Other
National Gallery,2020/21,200217,Other
National Gallery,2021/22,1019287,Other
National Gallery,2022/23,1541223,Other
National Gallery,2023/24,1096898,Other
National Museums Liverpool,2008/09,1909821,Other
National Museums Liverpool,2009/10,1532812,Other
National Museums Liverpool,2010/11,1787747,Other
National Museums Liverpool,2011/12,-36945942,Other
National Museums Liverpool,2012/13,2326866,Other
National Museums Liverpool,2013/14,1842926,Other
National Museums Liverpool,2014/15,1749184,Other
National Museums Liverpool,2015/16,1982201,Other
National Museums Liverpool,2016/17,2092928,Other
National Museums Liverpool,2017/18,2274302,Other
National Museums Liverpool,2018/19,2930471,Other
National Museums Liverpool,2019/20,1831602,Other
National Museums Liverpool,2020/21,164875,Other
National Museums Liverpool,2021/22,1108576,Other
National Museums Liverpool,2022/23,1563230,Other
National Museums Liverpool,2023/24,1471056,Other
National Portrait Gallery,2008/09,981436,Other
National Portrait Gallery,2009/10,1115534,Other
National Portrait Gallery,2010/11,1028776,Other
National Portrait Gallery,2011/12,-6291149,Other
National Portrait Gallery,2012/13,969714,Other
National Portrait Gallery,2013/14,1041618,Other
National Portrait Gallery,2014/15,1139888,Other
National Portrait Gallery,2015/16,1095936,Other
National Portrait Gallery,2016/17,889445,Other
National Portrait Gallery,2017/18,899545,Other
National Portrait Gallery,2018/19,810896,Other
National Portrait Gallery,2019/20,786432,Other
National Portrait Gallery,2020/21,0,Other
National Portrait Gallery,2021/22,0,Other
National Portrait Gallery,2022/23,0,Other
National Portrait Gallery,2023/24,868000,Other
Natural History Museum,2008/09,1417247,Other
Natural History Museum,2009/10,1719254,Other
Natural History Museum,2010/11,1356004,Other
Natural History Museum,2011/12,1147003,Other
Natural History Museum,2012/13,1329966,Other
Natural History Museum,2013/14,1452098,Other
Natural History Museum,2014/15,1009285,Other
Natural History Museum,2015/16,1136797,Other
Natural History Museum,2016/17,972443,Other
Natural History Museum,2017/18,891964,Other
Natural History Museum,2018/19,789645,Other
Natural History Museum,2019/20,544859,Other
Natural History Museum,2020/21,202285,Other
Natural History Museum,2021/22,1527002,Other
Natural History Museum,2022/23,2021021,Other
Natural History Museum,2023/24,748195,Other
Royal Armouries,2008/09,198545,Other
Royal Armouries,2009/10,191689,Other
Royal Armouries,2010/11,208537,Other
Royal Armouries,2011/12,39103,Other
Royal Armouries,2012/13,61996,Other
Royal Armouries,2013/14,54472,Other
Royal Armouries,2014/15,68279,Other
Royal Armouries,2015/16,71548,Other
Royal Armouries,2016/17,77576,Other
Royal Armouries,2017/18,230139,Other
Royal Armouries,2018/19,291423,Other
Royal Armouries,2019/20,427217,Other
Royal Armouries,2020/21,104889,Other
Royal Armouries,2021/22,503658,Other
Royal Armouries,2022/23,1170689,Other
Royal Armouries,2023/24,1393358,Other
Royal Museums Greenwich,2008/09,545051,Other
Royal Museums Greenwich,2009/10,-169234851,Other
Royal Museums Greenwich,2010/11,484717,Other
Royal Museums Greenwich,2011/12,355233,Other
Royal Museums Greenwich,2012/13,470818,Other
Royal Museums Greenwich,2013/14,870860,Other
Royal Museums Greenwich,2014/15,901414,Other
Royal Museums Greenwich,2015/16,1078514,Other
Royal Museums Greenwich,2016/17,1139586,Other
Royal Museums Greenwich,2017/18,392485,Other
Royal Museums Greenwich,2018/19,187268,Other
Royal Museums Greenwich,2019/20,160487,Other
Royal Museums Greenwich,2020/21,77620,Other
Royal Museums Greenwich,2021/22,676757,Other
Royal Museums Greenwich,2022/23,751363,Other
Royal Museums Greenwich,2023/24,550701,Other
Science Museum Group,2008/09,-232698892,Other
Science Museum Group,2009/10,1942383,Other
Science Museum Group,2010/11,1849298,Other
Science Museum Group,2011/12,2250007,Other
Science Museum Group,2012/13,2159831,Other
Science Museum Group,2013/14,2314620,Other
Science Museum Group,2014/15,1879773,Other
Science Museum Group,2015/16,2066292,Other
Science Museum Group,2016/17,1934824,Other
Science Museum Group,2017/18,2118039,Other
Science Museum Group,2018/19,1895847,Other
Science Museum Group,2019/20,1775956,Other
Science Museum Group,2020/21,225152,Other
Science Museum Group,2021/22,1423756,Other
Science Museum Group,2022/23,1775118,Other
Science Museum Group,2023/24,1808208,Other
Sir John Soane's Museum,2008/09,68232,Other
Sir John Soane's Museum,2009/10,82697,Other
Sir John Soane's Museum,2010/11,71866,Other
Sir John Soane's Museum,2011/12,69526,Other
Sir John Soane's Museum,2012/13,66550,Other
Sir John Soane's Museum,2013/14,60382,Other
Sir John Soane's Museum,2014/15,57306,Other
Sir John Soane's Museum,2015/16,67057,Other
Sir John Soane's Museum,2016/17,55893,Other
Sir John Soane's Museum,2017/18,54894,Other
Sir John Soane's Museum,2018/19,59902,Other
Sir John Soane's Museum,2019/20,44765,Other
Sir John Soane's Museum,2020/21,1943,Other
Sir John Soane's Museum,2021/22,42266,Other
Sir John Soane's Museum,2022/23,66893,Other
Sir John Soane's Museum,2023/24,77390,Other
Tate Gallery Group,2008/09,3479194,Other
Tate Gallery Group,2009/10,2853173,Other
Tate Gallery Group,2010/11,2780458,Other
Tate Gallery Group,2011/12,2432295,Other
Tate Gallery Group,2012/13,3064389,Other
Tate Gallery Group,2013/14,2562490,Other
Tate Gallery Group,2014/15,3611121,Other
Tate Gallery Group,2015/16,3110511,Other
Tate Gallery Group,2016/17,3894359,Other
Tate Gallery Group,2017/18,3583704,Other
Tate Gallery Group,2018/19,3844755,Other
Tate Gallery Group,2019/20,3846828,Other
Tate Gallery Group,2020/21,524001,Other
Tate Gallery Group,2021/22,2563406,Other
Tate Gallery Group,2022/23,3590511,Other
Tate Gallery Group,2023/24,3259431,Other
Total,2008/09,18118000,Other
Total,2009/10,18227000,Other
Total,2010/11,17856000,Other
Total,2011/12,16834000,Other
Total,2012/13,17336000,Other
Total,2013/14,17796000,Other
Total,2014/15,17717000,Other
Total,2015/16,17673000,Other
Total,2016/17,17627000,Other
Total,2017/18,16849000,Other
Total,2018/19,17978000,Other
Total,2019/20,15534000,Other
Total,2020/21,2024000,Other
Total,2021/22,12571000,Other
Total,2022/23,16727000,Other
Total,2023/24,15860000,Other
Tyne and Wear Museums,2008/09,-1412296574625,Other
Tyne and Wear Museums,2009/10,-921309203013962,Other
Tyne and Wear Museums,2010/11,-493131739587019,Other
Tyne and Wear Museums,2011/12,705044,Other
Tyne and Wear Museums,2012/13,676771,Other
Tyne and Wear Museums,2013/14,818299,Other
Tyne and Wear Museums,2014/15,820929,Other
Tyne and Wear Museums,2015/16,0,Other
Tyne and Wear Museums,2016/17,0,Other
Tyne and Wear Museums,2017/18,0,Other
Tyne and Wear Museums,2018/19,0,Other
Tyne and Wear Museums,2019/20,0,Other
Tyne and Wear Museums,2020/21,0,Other
Tyne and Wear Museums,2021/22,0,Other
Tyne and Wear Museums,2022/23,0,Other
Tyne and Wear Museums,2023/24,0,Other
Victoria and Albert Museum,2008/09,1292002,Other
Victoria and Albert Museum,2009/10,1154050,Other
Victoria and Albert Museum,2010/11,1456687,Other
Victoria and Albert Museum,2011/12,1450720,Other
Victoria and Albert Museum,2012/13,1727657,Other
Victoria and Albert Museum,2013/14,1455644,Other
Victoria and Albert Museum,2014/15,1188204,Other
Victoria and Albert Museum,2015/16,1723282,Other
Victoria and Albert Museum,2016/17,1572772,Other
Victoria and Albert Museum,2017/18,1863608,Other
Victoria and Albert Museum,2018/19,2064722,Other
Victoria and Albert Museum,2019/20,1607106,Other
Victoria and Albert Museum,2020/21,118272,Other
Victoria and Albert Museum,2021/22,977193,Other
Victoria and Albert Museum,2022/23,1551100,Other
Victoria and Albert Museum,2023/24,1835900,Other
Wallace Collection,2008/09,194107,Other
Wallace Collection,2009/10,185823,Other
Wallace Collection,2010/11,191551,Other
Wallace Collection,2011/12,247360,Other
Wallace Collection,2012/13,209198,Other
Wallace Collection,2013/14,221203,Other
Wallace Collection,2014/15,235311,Other
Wallace Collection,2015/16,246254,Other
Wallace Collection,2016/17,230213,Other
Wallace Collection,2017/18,256674,Other
Wallace Collection,2018/19,281796,Other
Wallace Collection,2019/20,315033,Other
Wallace Collection,2020/21,22737,Other
Wallace Collection,2021/22,134768,Other
Wallace Collection,2022/23,200687,Other
Wallace Collection,2023/24,200261,Other
